﻿<?xml version="1.0" encoding="utf-8"?>
<prefix name="iiseventplus" label="iiseventplus" language_tag="fa-IR" language_label="فارسی">
	<key name="email_notification_section_label">
        <value>
           رویدادها
        </value>
    </key>
    <key name="email_notifications_setting_file">
        <value>
            فایلی در رویداد ایجاد شد
        </value>
    </key>
	<key name="notif_add_file_string">
        <value>
         &lt;a href="{$userUrl}"&gt;{$userName}&lt;/a&gt;  فایل جدید &lt;a href="{$eventUrl}"&gt;{$fileName}&lt;/a&gt;  را در &lt;a href="{$eventUrl}"&gt;{$eventTitle}&lt;/a&gt; بارگذاری کرد
        </value>
    </key>
</prefix>
