<?xml version="1.0" encoding="utf-8"?>
<prefix name="iisadvancesearch" label="iisadvancesearch" language_tag="fa-IR" language_label="فارسی">
    <key name="search_users">
        <value>
            جستجوی کاربران
        </value>
    </key>
    <key name="search_username_realname">
        <value>
            نام کاربری/نام واقعی:
        </value>
    </key>
    <key name="search_friends">
        <value>
            جستجوی دوستان
        </value>
    </key>
</prefix>